date,usd_idr,target,split,pred::Naive: Majority,pred::Naive: Persistence,"pred::ARIMA(2,1,0)","score::ARIMA(2,1,0)",pred::LR [Harga],score::LR [Harga],pred::HGB [Harga],score::HGB [Harga],pred::LR [NLP],score::LR [NLP],pred::LR [Harga+NLP],score::LR [Harga+NLP],pred::HGB [Harga+NLP],score::HGB [Harga+NLP],pred::LR [Harga+NLP top-k],score::LR [Harga+NLP top-k],"pred::LR [Harga+NLP, lag-1]","score::LR [Harga+NLP, lag-1]","pred::HGB [Harga+NLP, lag-1]","score::HGB [Harga+NLP, lag-1]"
2025-02-26,16387,1,val,1,1,1,0.0005969812494193083,0,0.46364346132361767,1,0.6080032947232007,0,0.4567845055738485,0,0.4246188795375939,0,0.4335920262819441,0,0.47485248375898115,0,0.45765875104194015,1,0.5729174618699594
2025-02-27,16431,1,val,1,1,0,-6.967630348083005e-05,0,0.4185700430250107,0,0.4513039774017652,1,0.5109782746608882,0,0.45205238282865357,1,0.5560548692146684,0,0.46966493626933326,0,0.48393874471054465,0,0.29608385916762464
2025-02-28,16575,0,val,1,1,1,0.0008977938216737263,0,0.44853877592978675,1,0.6454907006242291,1,0.5238436625604769,0,0.4855511176734553,0,0.3968371890386731,0,0.4921606976818186,0,0.4223587415106931,1,0.621770675413628
2025-03-03,16506,0,val,1,0,0,-0.0014911363012585915,0,0.39657618817397305,0,0.3202192743862563,0,0.49347824084759395,0,0.3993274361126752,0,0.1436190744022931,0,0.462023327248641,0,0.3956735458551602,0,0.20038910468156648
2025-03-04,16443,0,val,1,0,1,0.0002258496129240197,1,0.5066525621491704,1,0.753872549927687,0,0.49490383778761754,0,0.4833912232836975,1,0.7558194369917346,0,0.4825101290088319,1,0.5929939061564347,1,0.7395921324682898
2025-03-05,16371,0,val,1,0,1,0.00011055303369800154,1,0.6120890527818169,1,0.7193096597600349,1,0.5116041919314531,1,0.6051918223463699,0,0.3433051190608981,1,0.5541730791993184,1,0.6595041328829806,1,0.5948915835398482
2025-03-06,16315,1,val,1,0,1,0.00030344235950214963,1,0.5190278441999959,1,0.6297577086072991,0,0.47375615175537766,0,0.48446857115598413,1,0.5547407499549258,1,0.524474926321761,1,0.5686627275206397,1,0.7375958638659906
2025-03-07,16336,0,val,1,1,1,0.0007649401615012,1,0.5189779104444872,1,0.5297795928353733,0,0.4765718575173231,1,0.5212897801119657,1,0.6760435535614668,1,0.5070230044679328,1,0.5234696941165567,1,0.5935198506965401
2025-03-10,16326,1,val,1,0,0,-8.28844226878146e-05,0,0.48975539897534637,0,0.47250280896229435,0,0.47268328320174413,0,0.4472106852302372,0,0.3205214788842071,1,0.5231294476444401,1,0.653847061455406,1,0.6600802680504635
2025-03-11,16430,1,val,1,1,1,0.0010296857004676973,1,0.5154556493219768,1,0.6389748277442082,0,0.4313797242682341,0,0.4184463772828622,1,0.5737258961373803,1,0.512887904967123,0,0.49359958431750534,1,0.5716522475925186
2025-03-12,16453,0,val,1,1,0,-0.0004898110412614483,0,0.42446491651819185,0,0.46382518917368554,0,0.4936194261912852,0,0.4082530863884061,0,0.45514853749648554,0,0.4785175414418089,0,0.46062517873356346,1,0.6695480876099282
2025-03-13,16428,0,val,1,0,0,-0.00021049313424218794,0,0.4136499314645883,1,0.6647126284098178,1,0.5372522514722489,0,0.45095012529224615,1,0.8280069914986711,0,0.47242940917875764,0,0.40518881495864933,1,0.6857100373172437
2025-03-14,16392,0,val,1,0,1,8.46453801719339e-05,1,0.5409625163420527,1,0.5447518075198118,1,0.50741855967797,1,0.549855569682997,0,0.35455767633983215,1,0.5031455369589725,1,0.5001583928834696,0,0.37643209248515047
2025-03-17,16379,1,val,1,0,1,0.0003462247304981045,1,0.570870746443437,1,0.5373309127610878,0,0.488150067572298,1,0.5450102611809445,1,0.6258113040770192,1,0.5222262652292975,1,0.5674511844914617,0,0.3559094288097328
2025-03-18,16432,1,val,1,1,1,0.0006651063977549798,0,0.4928692486602374,1,0.537896644696053,1,0.5116686543389246,1,0.5076628696476566,0,0.46214714428401005,0,0.4966074772482206,0,0.44211200044553317,1,0.5925559796101652
2025-03-19,16528,0,val,1,1,1,0.00046568185498550006,0,0.4506350096096581,0,0.40056743256519,1,0.5160584914463342,0,0.4869062508028545,0,0.26071085488820545,0,0.48266863104663604,0,0.4795496002935656,0,0.43432898620207616
2025-03-20,16481,1,val,1,0,0,-0.0009500244412684681,0,0.37723952058922516,0,0.37833708798654103,1,0.5212160513602672,0,0.41017927450676606,0,0.32575117604271764,0,0.45095016005360705,0,0.4363961457143763,1,0.5225972350291004
2025-03-21,16501,1,val,1,1,1,0.0006806713809636247,1,0.5270046647146764,1,0.7026779430240789,1,0.5938914835416997,1,0.6653792752241716,1,0.7671889231909759,1,0.5131015136344395,0,0.4666172073319327,1,0.5000314772320688
2025-03-24,16561,1,val,1,1,1,0.0004543843198723121,1,0.5618791495498885,1,0.5057274918998236,1,0.5034989261304629,1,0.5589040502032215,0,0.3245712297993008,1,0.5250179320420439,1,0.5855203169783114,0,0.4871701058936382
2025-03-25,16622,0,val,1,1,1,0.0001465994092861355,0,0.393378773324992,0,0.34159071907459665,0,0.4158726935344997,0,0.3258497792579979,0,0.258456178011429,0,0.425643657633366,0,0.43917632150058783,0,0.36379916996093936
2025-03-26,16588,0,val,1,0,0,-0.0005716364785622255,0,0.3987347414068598,0,0.23422758606018101,1,0.5420509408369593,0,0.4782031036718599,0,0.4447412986499601,0,0.46070931439567825,0,0.38252627820473406,0,0.22118871890476827
2025-03-27,16566,1,val,1,0,1,0.00026084698369203724,0,0.4821567922071246,1,0.6580825608520118,1,0.5251342473111158,1,0.532963887379602,1,0.7472937880810384,1,0.5049489144404864,1,0.5361107282213605,1,0.5932220669337844
2025-04-08,16849,1,val,1,1,1,0.0024397944705655756,1,0.8211622273920506,0,0.44384697022984737,1,0.5182599606903054,1,0.7916749096388531,1,0.5129761359773664,1,0.6375927085091195,1,0.8295051332553184,1,0.7772512901468871
2025-04-09,16943,0,val,1,1,0,-0.0013458851382569758,0,0.31871097566810497,0,0.24927382086046762,1,0.5085050334383837,0,0.3175832965487573,0,0.2720125757509871,0,0.405429177550402,0,0.3119391021836425,0,0.30863910002555767
2025-04-10,16779,1,val,1,0,0,-0.0017718465660456267,0,0.34228920642634797,0,0.2994363053113669,1,0.5317507587869083,0,0.37307318631828396,1,0.5353622781546905,0,0.4224017142280005,0,0.3499349386019835,0,0.22628014605283273
2025-04-11,16805,0,val,1,1,1,0.0016151384512721508,1,0.7636556019760733,1,0.5460206098549968,0,0.47489804419689946,1,0.6850563516615576,1,0.9057088944786921,1,0.6002928300636383,1,0.8046892967844299,0,0.38102458833814795
2025-04-14,16773,1,val,1,0,0,-0.0002778327713840793,1,0.5956507735806144,1,0.7122831106337831,1,0.5232270452077578,1,0.5910291990182216,1,0.7193208160633391,1,0.527879784556233,1,0.614319621471343,1,0.5985153367820006
2025-04-15,16815,1,val,1,1,1,0.0007187133419249533,0,0.4283683193842447,0,0.4010537172114494,0,0.47504238522852243,0,0.42771924308894915,0,0.35507489256119923,0,0.4692580645861989,0,0.43420619278294964,0,0.40531585319042723
2025-04-16,16845,0,val,1,1,1,5.743544981596347e-05,0,0.49691891069168875,0,0.3735816843831811,1,0.5648142231908091,1,0.5798833417396476,0,0.2804736040830493,1,0.5235774760308527,1,0.5434905507026313,1,0.5205524605713443
2025-04-17,16833,0,val,1,0,0,-0.0001597570108511122,0,0.37645551281915934,0,0.3602645808472623,1,0.5056502162206183,0,0.4146979909895695,0,0.20837947131595025,0,0.4686659478719789,0,0.3299623255451266,0,0.14692376714587663
2025-04-21,16808,1,val,1,0,1,6.780543414790349e-05,1,0.5116140760163767,1,0.5038346336120085,0,0.49539379140451856,1,0.5142384761965011,1,0.674032824439596,1,0.5304038842104088,0,0.4935148984548884,0,0.43210337962791917
2025-04-22,16862,1,val,1,1,1,0.0007521634720131087,0,0.4877328682759566,1,0.5477864305030935,1,0.5400566332499819,1,0.5441111334584995,0,0.3411364301670633,1,0.5016446589134392,0,0.46242668591363,0,0.4718406888587702
2025-04-23,16880,1,val,1,1,0,-0.0001233061719833087,0,0.4019996497214774,0,0.46236576646505956,1,0.5064662691961657,0,0.4257548110396601,0,0.19577282223935952,0,0.45992091966016685,0,0.37349914965738035,0,0.3220452328647131
2025-04-24,16884,0,val,1,1,1,5.1245950472391786e-05,0,0.40733163154922714,0,0.35394287126549073,1,0.5310344584231358,0,0.4694703134389588,0,0.474598592783115,0,0.47013095322693965,0,0.39362396903219227,1,0.5018446518019306
2025-04-25,16829,1,val,1,0,0,-0.0002764433623927458,0,0.44711800143060704,1,0.5451240349180275,1,0.5083446615459308,0,0.49678333275907843,1,0.6318519937505258,0,0.4996451067842142,0,0.42500740861920694,0,0.38170533871288814
2025-04-28,16862,0,val,1,1,1,0.0008273779114577323,1,0.5431860524469664,0,0.383713988684045,1,0.5198173723561796,1,0.5806334640834534,0,0.397656676068084,1,0.5180478120391991,1,0.512110793896426,1,0.5013105986749347
2025-04-29,16787,0,val,1,0,0,-0.0006485837564158325,0,0.41404856035681453,1,0.5095562465063773,0,0.4757576965825822,0,0.3960282107125129,0,0.3568639107671868,0,0.4782170277223066,0,0.45401278929208844,1,0.622209554088887
2025-04-30,16679,0,val,1,0,0,-6.423037999553692e-05,0,0.4564314671583581,0,0.4494477522362294,0,0.4961772151457173,0,0.4930004579656239,1,0.6070188299924315,1,0.506692098319013,0,0.4260626539417831,1,0.5141895336474818
2025-05-02,16493,0,val,1,0,0,-0.00039731799365357365,1,0.5668458916653851,1,0.6711910700106293,1,0.5231961830149594,1,0.5842560490198484,1,0.6929964713690925,1,0.5595696649883903,0,0.49741665873647345,1,0.739423432497982
2025-05-05,16421,1,val,1,0,1,0.0010712905773203076,1,0.6323067053563262,1,0.5972733072389858,1,0.5008081535147028,1,0.6374861079169506,1,0.7980915847922294,1,0.5840910174252744,1,0.5798449686606633,1,0.506091583302999
2025-05-06,16472,1,val,1,1,1,0.0011137869844697675,1,0.5810258256857181,1,0.625355027013149,0,0.4942611137784599,1,0.5711589522667573,0,0.4508442303109216,1,0.5614056393475955,1,0.5445745571216764,1,0.6158132632328964
2025-05-07,16533,0,val,1,1,1,0.00021766317975405706,0,0.46198934653218204,1,0.559082329993895,1,0.5373143568707174,1,0.5225769258060124,0,0.4923816217153342,0,0.47941064090359714,0,0.43085079489102573,1,0.6411375009507269
2025-05-08,16497,1,val,1,0,0,-0.0005906639881544023,0,0.4672116805353521,0,0.39400940363000264,1,0.5109284940971327,0,0.4743240328890552,0,0.16139034696578328,0,0.48279744110990935,0,0.4943335464018535,1,0.5559347945694201
2025-05-09,16532,1,val,1,1,1,0.0007067822031230079,1,0.5707438082824966,1,0.5049326916569711,1,0.537685657263439,1,0.5877275560902617,1,0.5785951432735909,1,0.5276900762602496,1,0.5594877931577915,0,0.4231998086192341
2025-05-14,16568,0,val,1,1,1,0.00015580497420291766,1,0.6056642975263337,1,0.677524069399789,1,0.5222048212654568,1,0.5950386589802552,0,0.4479861664192417,1,0.5407531214553988,1,0.5297010112496513,1,0.572452770261218
2025-05-15,16535,0,val,1,0,0,-0.00037010411214408287,0,0.42748307600485846,0,0.38820710754723325,1,0.5077228599753535,0,0.4342617821060923,0,0.4467579724815279,0,0.48587406948197415,0,0.4204305034243048,0,0.28945740231568085
2025-05-16,16424,1,val,1,0,0,-0.00041899883366051195,1,0.5002740763341117,1,0.5775717631199272,0,0.4767702999355307,0,0.4709315857613,1,0.6107636116068089,1,0.5118199475243628,1,0.5311817760967866,1,0.6831976431706456
2025-05-19,16455,0,val,1,1,1,0.0012689490738690043,1,0.6609658425404756,1,0.6917119225158044,0,0.43912131259533066,1,0.57608820095919,1,0.728817503372155,1,0.5793150482046037,1,0.668608845757905,1,0.73899671267985
2025-05-20,16406,1,val,1,0,0,-0.00045550614531391536,0,0.45719425245009393,1,0.5366307840439588,1,0.5156922238418405,0,0.49651550825888213,1,0.594989731218646,1,0.5040976970367884,0,0.47555209614701877,1,0.5437612752593937
2025-05-21,16413,0,val,1,1,1,0.0006003230833606186,0,0.4777717024494905,0,0.4523320276999688,1,0.525479727794699,1,0.524878561032398,0,0.37716162005039017,0,0.4943502875857166,0,0.37949426290078253,0,0.3065453338475578
2025-05-22,16313,0,val,1,0,0,-0.0006554341858708758,0,0.48902796171667856,0,0.4909785859706445,1,0.5543509025347848,1,0.5686117484883361,1,0.6328138489789104,1,0.5225257850102006,0,0.41307050452902633,1,0.5780883700079605
2025-05-23,16289,0,val,1,0,1,0.0007701676868383068,1,0.5225451975900667,1,0.5486933112762021,1,0.5209837912565477,1,0.5556578000084009,1,0.5173779569300109,0,0.49229954190355246,0,0.45115869425468863,0,0.4245358703056673
2025-05-26,16207,1,val,1,0,0,-0.00027656313872135115,1,0.5309690610578094,1,0.5504338769437547,1,0.5040488515184351,1,0.5569573739130225,0,0.411899657419732,1,0.5451555661442835,0,0.4631481525921449,1,0.5821826173976655
2025-05-27,16255,1,val,1,1,1,0.001183089929202301,1,0.530914053479455,1,0.6248469717771366,0,0.47463089111050355,1,0.5358466350527974,1,0.7891950663022824,1,0.5274549655182944,1,0.571121139792356,1,0.6829906580942857
2025-05-28,16300,0,val,1,1,1,0.00012037590813746647,1,0.5022677076143347,1,0.5628931045002545,1,0.528768991495838,1,0.5439661650223114,1,0.600178702729466,1,0.5188785347749133,1,0.5308611463904537,1,0.7246508558639424
2025-06-02,16297,0,val,1,0,0,-0.00022144157884931062,0,0.492902624404239,1,0.5148039335478205,1,0.567166734545752,1,0.5693432819125303,1,0.630234515896645,1,0.5049702176068881,1,0.5031314665713442,0,0.3899488029857261
2025-06-03,16288,1,val,1,0,1,0.00011539286395981296,1,0.5168694914702183,0,0.44560237900466165,1,0.5114670258458085,1,0.535907155530145,1,0.7046201309937554,1,0.5071407474957891,1,0.5016890707757149,1,0.5509766770605119
2025-06-04,16305,0,val,1,1,1,0.00036169546038440246,1,0.5033993612571259,0,0.44431840050326055,0,0.4906504121363768,0,0.4911362948502073,1,0.6565017827174975,1,0.5013089609996768,1,0.5641369089013896,1,0.5900136557928175
2025-06-05,16277,0,val,1,0,0,-0.0001889739862088927,0,0.46899349087827474,0,0.49474127587559236,1,0.5177887289547066,0,0.48194787159298386,1,0.5648706497506242,0,0.47961028117546345,1,0.5421421432738168,1,0.6454492309813894
2025-06-10,16276,0,val,1,0,1,0.00037563563422923427,1,0.5911095464520593,1,0.5495000265390924,1,0.5045408083364636,1,0.565207611661293,1,0.6886717331753707,1,0.5484105718794512,1,0.5863878525685472,1,0.5444501538803626
2025-06-11,16265,0,val,1,0,1,8.409341226017421e-05,1,0.5012230314254579,1,0.5232348564843123,1,0.5402638664238424,1,0.555605388167275,1,0.7277336358493189,0,0.46498110757115474,0,0.4443719628124624,0,0.4205751971910847
2025-06-12,16237,1,val,1,0,1,3.3614628742624297e-05,0,0.4740052374272133,1,0.5050634758230343,1,0.5106778136441835,0,0.47902329859560716,1,0.5154306098632112,1,0.5053450828696495,0,0.44441119387820877,0,0.4919504390264128
2025-06-13,16293,1,val,1,1,1,0.0008121622405867049,1,0.549960410850391,1,0.6463390437019065,1,0.5247216468097473,1,0.5675802371193199,0,0.39517801069352804,1,0.5242039491194134,1,0.518072135674295,1,0.698486469558002
2025-06-16,16296,0,val,1,1,0,-0.0002636802593142623,0,0.49510250205297635,1,0.6154856545033073,0,0.4985843559037496,0,0.4850718820901706,1,0.7507289996323688,1,0.5027946542737181,0,0.48841009382616224,1,0.5424229846721244
2025-06-17,16281,1,val,1,0,1,2.1768947578163588e-05,0,0.4610261090852322,1,0.5096637494588421,1,0.5090152536626023,0,0.465076995406336,1,0.5414924740196406,0,0.4978835332124712,0,0.4509532497601885,0,0.29959894225221484
2025-06-18,16319,1,val,1,1,1,0.0005697693913867383,1,0.5396829839743187,1,0.5805636065517772,1,0.5355148814991827,1,0.5642383532573599,1,0.9082193788145366,1,0.5301050064882961,1,0.5241407100215649,1,0.5230467045594406
2025-06-19,16378,1,val,1,1,1,0.0003066605787378142,0,0.45826138238536174,0,0.49764604423891634,0,0.49577999215317253,0,0.47326065965243425,1,0.8658132891868799,0,0.47178053808235615,0,0.49961656635553553,0,0.4373917441374554
2025-06-20,16399,1,val,1,1,0,-0.00014870257037388312,0,0.3911162789752351,0,0.3667207128015475,0,0.4929478162077335,0,0.43023362426193384,0,0.4412691034154574,0,0.4560124722859125,0,0.45994010873600377,0,0.4545116520944748
2025-06-23,16484,0,val,1,1,1,0.0006371078645450032,0,0.49880384920499327,1,0.5788856741629929,1,0.5248875094199422,0,0.49541301999292775,1,0.7584621232119981,0,0.49967539396959965,1,0.5913834624406817,1,0.618013531081193
2025-06-24,16370,0,val,1,0,0,-0.0013740607586156617,0,0.39563883669282024,1,0.5663049338696091,1,0.5130215276646374,0,0.42129639446909817,1,0.5356827249333355,0,0.4622676734642047,0,0.40662257855598977,0,0.37590005662870096
2025-06-25,16292,0,val,1,0,1,0.00046664916373673004,1,0.5691610779412994,1,0.6755207148533601,0,0.4979166487883759,1,0.5591394687706719,1,0.8117501768898514,1,0.5341480070421558,1,0.6439875031971763,1,0.6768357072282274
2025-06-26,16233,0,val,1,0,1,0.0003287121299593254,1,0.6368423893709633,1,0.8461108266405105,1,0.5377758613778677,1,0.6723707716576032,1,0.7774113913082191,1,0.5540913455778028,1,0.7063996597188663,1,0.7523177773117464
2025-06-30,16231,0,val,1,0,1,0.0006157228874465946,1,0.6143333121460332,1,0.6228049055016918,1,0.5311645057725713,1,0.6434647323849184,1,0.7944003523706589,1,0.5491026828570565,1,0.6390501945636828,1,0.5857791681462496
2025-07-01,16192,1,val,1,0,0,-0.00012306959684486372,1,0.508507765730936,0,0.4233692550487451,1,0.5553671588612099,1,0.5951289472534068,1,0.7298741206361056,1,0.5060700177176457,1,0.5461843299707683,0,0.3382837664936568
2025-07-02,16236,0,val,1,1,1,0.0008100362937711965,1,0.5594789080333769,1,0.5698227232456133,1,0.5266699662036707,1,0.6181971037835103,1,0.704847313619675,1,0.5556054943322261,1,0.6573992800496207,1,0.673659322438368
2025-07-03,16209,0,val,1,0,0,-0.00039900259771106014,0,0.49802688355412766,0,0.4855511797689416,0,0.496326708678192,0,0.49843162087488174,1,0.694358705067413,0,0.4896896317947093,0,0.4842529642117746,0,0.2853883335016501
2025-07-04,16204,1,val,1,0,1,0.00033783902857514056,1,0.5121190687279886,1,0.5823332625507944,1,0.512416040183242,1,0.5628434679985896,1,0.8710227882854447,0,0.49127346955535806,1,0.5621940982964894,1,0.6670944567863625
2025-07-07,16237,1,val,1,1,1,0.0004533703810333508,1,0.6058046437703004,1,0.6651166685119059,0,0.4952876161138907,1,0.5722163866149849,1,0.7356842107062307,1,0.5425402939017274,1,0.5955130916570304,0,0.4724674651677433
2025-07-08,16238,1,val,1,1,0,-9.61327038417928e-05,0,0.4639654925128516,0,0.339751462345257,1,0.516278236768297,0,0.4822611282488511,0,0.30416870028558723,1,0.5014782091997277,0,0.4568271003761372,0,0.32421570222592083
2025-07-09,16254,0,val,1,1,1,0.00027476067137121603,0,0.49496613854681737,1,0.6215867387034214,1,0.5372952208024422,1,0.5309071597157176,1,0.5713127202482005,0,0.4978246031146972,0,0.4910766260772946,0,0.28552679695110905
2025-07-10,16220,1,val,1,0,0,-0.0002280898672503433,0,0.4939812006029601,1,0.5779643130624089,1,0.5375909801849215,1,0.5310939504399577,0,0.4749085551745517,1,0.5152899041885294,1,0.5119114783363042,1,0.5137924636861034
2025-07-11,16221,1,val,1,1,1,0.00043964613023441654,1,0.5241426133418688,1,0.5092860978204994,1,0.5329365412677012,1,0.5506307489254654,0,0.4790859665990798,1,0.5236206203662994,0,0.4684334521929324,0,0.2683589997267152
2025-07-14,16247,1,val,1,1,1,0.0003514771268443457,1,0.5612618890729936,1,0.5513520963064457,0,0.49969688092618203,1,0.5453832453175619,1,0.7356943915559762,1,0.5261640345209941,1,0.5331208645875746,0,0.27669011320950554
2025-07-15,16281,1,val,1,1,1,0.0002124593377839696,0,0.4620852296129269,1,0.5401788490893625,0,0.4845147248397208,0,0.4366881337101068,0,0.45262051717187,0,0.4970233036595729,0,0.45561883913214507,0,0.4285350581072246
2025-07-16,16288,1,val,1,1,0,-5.759001825936422e-05,0,0.4612091386838887,0,0.4735818333951234,1,0.5293379814482104,1,0.5097030315082333,0,0.4759506822365006,1,0.5084177650781685,1,0.5008610126781102,1,0.5435929208264083
2025-07-17,16329,0,val,1,1,1,0.0004172091664907248,0,0.4794047965477091,1,0.5193228458334669,1,0.5200040870758219,1,0.5129099957248225,1,0.7030637480800614,0,0.4906414462683086,0,0.4484391691745827,1,0.6147503501639983
2025-07-18,16301,1,val,1,0,0,-0.000379540724363276,0,0.4413565252523441,1,0.5383463489637187,0,0.4520232880898466,0,0.4100551649790324,0,0.2158604666447906,0,0.4527465257093941,0,0.4469744663145016,0,0.37610077676804504
2025-07-21,16330,0,val,1,1,1,0.0006040801176502255,1,0.5251058865243216,0,0.4848837212658352,1,0.5293390237480831,1,0.5791219099428421,1,0.7210998463421944,0,0.49896523858458597,1,0.5537793177007136,0,0.4162913858939921
2025-07-22,16307,0,val,1,0,0,-0.00024578671630011027,0,0.4451602035053399,0,0.49469462436232225,0,0.4540164398949828,0,0.4287094353726236,0,0.4299701766461386,0,0.4612423396200349,0,0.4669495697092206,1,0.5732740260623556
2025-07-23,16298,0,val,1,0,1,0.0002744588588352349,0,0.45603019061958117,0,0.49752564568661906,0,0.4665004059245873,0,0.4608641290380051,0,0.2752743696584187,0,0.4616185163397994,1,0.5199663033200473,1,0.5513092934447748
2025-07-24,16283,1,val,1,0,1,0.00011732025245062786,1,0.5015452536473504,1,0.6140446700210197,0,0.4796204380166899,1,0.520397923836729,0,0.4236009669696585,0,0.4792960835805343,1,0.6106677354306453,1,0.6157026387078112
2025-07-25,16325,1,val,1,1,1,0.0006002056920994382,0,0.4875750863019048,0,0.3552360665598165,0,0.4945849522435385,1,0.5367799695731941,0,0.2049503167274651,0,0.46750905972713386,1,0.6365504806317505,1,0.5162729625500198
2025-07-28,16341,1,val,1,1,0,-5.220836451064994e-05,0,0.4868496014776452,0,0.45127303075184594,0,0.4975462240189841,1,0.5570903050310703,0,0.19955071960736295,0,0.4918544796291319,1,0.6660082780621199,1,0.5129830521301479
2025-07-29,16399,0,val,1,1,1,0.0004738855945288722,0,0.4557932488166111,0,0.4540407951197753,1,0.6142436985495585,1,0.6391483101788662,1,0.6570488288938001,0,0.4838508861782659,1,0.7939074661791993,0,0.2923418992332156
2025-07-30,16387,1,val,1,0,0,-0.00039064366530491335,0,0.44112667597801886,0,0.4552038322463366,1,0.5800103475351013,1,0.5757882031043963,1,0.7773654828953844,0,0.48768187881069053,1,0.5838816936913573,0,0.29610457850252453
2025-07-31,16459,1,val,1,1,1,0.0008006444081400037,0,0.4890129411235207,1,0.5639830166736355,1,0.5141955450507034,1,0.5272673297617875,0,0.4261023574783666,0,0.4864378759055104,1,0.5587198313824365,1,0.5324326590865573
2025-08-01,16494,0,val,1,1,0,-0.00014444755518006877,0,0.4512184012851775,1,0.6187108982665781,1,0.5408122682832276,1,0.5007887856016735,1,0.8058696208746267,0,0.47748138677298335,1,0.5763226753680619,1,0.6910140973289997
2025-08-04,16388,0,val,1,0,0,-0.0009175431640351134,0,0.4562495575858456,0,0.4301572874323335,1,0.5182169830572959,0,0.4858548596108641,1,0.6108179491826524,0,0.4945838700897311,0,0.4984257512209569,1,0.5035832440560328
2025-08-05,16388,0,val,1,0,1,0.0009969320835261206,1,0.6162852694502156,1,0.7924466667521957,1,0.5073971507187018,1,0.6034122185979097,1,0.8146940939157842,1,0.5536720409746726,1,0.5831131379682567,0,0.46082563220495587
2025-08-06,16379,0,val,1,0,1,9.188733853398886e-05,1,0.5376346927404271,1,0.8018271188975659,1,0.5368707663143024,1,0.5752941546473753,1,0.8444457741363662,1,0.5253355245606529,1,0.579204773518703,1,0.7746047791444917
2025-08-07,16312,0,val,1,0,0,-0.0002784288758086664,0,0.44731175872178824,0,0.36435270650828183,1,0.531470804783293,0,0.4997857492123053,1,0.7422173206522037,0,0.48760865004407916,1,0.5138455322273037,0,0.46183858543818657
2025-08-08,16299,0,val,1,0,1,0.000592989578834532,1,0.5865774363593341,1,0.5052285209926806,0,0.45100544670961834,1,0.5410983566655742,0,0.4239592886366344,1,0.5151964651853389,1,0.5598640122422559,0,0.2933159886246016
2025-08-11,16253,1,val,1,0,0,-8.791230401827832e-05,1,0.5711586590537969,0,0.48951916757735836,0,0.4667109060386235,1,0.5679483399223177,1,0.5320237786159804,1,0.5085264203759269,1,0.6506696682649789,1,0.6306353938641593
2025-08-12,16298,0,val,1,1,1,0.0008709812983202584,1,0.5529308865295902,0,0.4267487453082748,1,0.5607939083349698,1,0.6354911503033333,1,0.8846468372341173,1,0.5065373402344047,1,0.6854730174895443,1,0.6405816631021531
2025-08-13,16237,0,val,1,0,0,-0.0006650930642034863,0,0.4999371629819144,1,0.5763586233641482,1,0.5838326909412901,1,0.6158878080819853,1,0.713066125640114,1,0.5184638700367044,1,0.5687340017207643,0,0.429150285778593
2025-08-14,16109,1,val,1,0,0,-0.000337760901969118,1,0.5321040029056476,1,0.5520550921846591,1,0.5412927027897785,1,0.5875743896962389,1,0.7732498670830126,1,0.5005983367337138,1,0.6216507146445436,0,0.3841463845841225
2025-08-15,16162,1,val,1,1,1,0.001595972991532967,1,0.7138151200987711,1,0.8446031196720729,1,0.554619048024107,1,0.7639928185743493,1,0.9397808809247465,1,0.5884803548322469,1,0.7956385249507675,1,0.8641505753450026
2025-08-19,16241,1,val,1,1,1,0.0003405834787410337,1,0.605429423774375,1,0.5932680830905213,1,0.5213763106640542,1,0.6186687211184101,1,0.6842172497828263,1,0.542209734331792,1,0.7331298761885037,0,0.48193955367528596
2025-08-20,16291,0,val,1,1,0,-9.015152350849728e-05,0,0.4451857633645693,1,0.5002095092976201,1,0.5417563944903159,0,0.48933488247661444,0,0.44556496439967397,0,0.48553975649183945,0,0.4879546611976354,0,0.4022995459877016
2025-08-21,16283,1,val,1,0,0,-0.00029979552162140633,1,0.5318385675245672,1,0.5294876602423374,1,0.5276161773340551,1,0.552546982511584,1,0.7802630904166052,0,0.49964363432104775,1,0.511561544724694,0,0.3579230791536027
2025-08-22,16340,0,val,1,1,1,0.0006587132090693286,1,0.5370298407705334,1,0.540392693814984,0,0.48448675747959147,0,0.4934841808561254,0,0.31475939634970485,1,0.5019798469235005,1,0.5708570367577356,0,0.39113350383526324
2025-08-25,16255,1,val,1,0,0,-0.0009421219160261436,0,0.49959388789186177,1,0.5028782416918611,1,0.533492961520663,1,0.5334769418086143,1,0.6772535218226944,0,0.49591241846705697,1,0.5031744960494975,1,0.7118009660606225
2025-08-26,16277,1,val,1,1,1,0.0010053406152927627,1,0.5552232112316962,0,0.36514848227754454,1,0.5327843062411759,1,0.566983036003605,1,0.6527768487868058,1,0.5226882818225108,1,0.5759778148872428,0,0.47657693141710744
2025-08-27,16355,1,val,1,1,1,0.0005794496808196084,1,0.5505307203163983,1,0.7733676124817536,1,0.5072369552629504,1,0.5578766236524858,1,0.729729853286417,1,0.5080405858481515,1,0.5157974086650139,1,0.6499153139013717
2025-08-28,16356,1,val,1,1,0,-0.0004525679819099544,0,0.3756191567768806,0,0.21911611206266468,1,0.5396643048409663,0,0.45430658388874234,0,0.14994260047603022,0,0.4649023733046416,0,0.346339641356676,0,0.2999519978612583
2025-08-29,16461,1,val,1,1,1,0.0009483989240424837,1,0.5166615119704222,1,0.6145397391619029,1,0.5639637211581222,1,0.5879012140247295,1,0.6875561185396283,1,0.5113012367632317,0,0.4142319921741541,1,0.588831642679412
2025-09-01,16463,0,val,1,1,0,-0.0006551080793778701,0,0.43311337262594674,0,0.29586055538395056,1,0.574187793755835,1,0.5342962082134403,0,0.43984271640582745,0,0.4704928885077297,0,0.3523380123242768,0,0.39611837089570945
2025-09-02,16418,1,val,1,0,0,-0.00019606060459147968,0,0.4127197493601582,1,0.5955424785268643,1,0.5726702713768461,1,0.5147971218292374,1,0.6707907191511366,0,0.4834247480409482,0,0.39977534154334826,1,0.5459294122057397
2025-09-03,16424,1,val,1,1,1,0.0005608997296598623,1,0.5409630343657095,1,0.5674938406061623,1,0.663250011814858,1,0.7748347570018606,1,0.7472104817560543,1,0.5506095281590522,0,0.444403674036643,1,0.5197836962908327
2025-09-04,16438,0,val,1,1,1,0.00021881230094042054,0,0.44988094376179116,1,0.726529280894729,0,0.49172842276569667,0,0.4439916979403389,1,0.7649435124365623,0,0.4867105956931111,0,0.3287734631930512,0,0.4443827530366659
2025-09-08,16348,1,val,1,0,0,-0.0006333662070851102,0,0.4519957114609844,1,0.5381628979123999,1,0.5181252149340481,0,0.4850942617447526,0,0.4464775730661779,0,0.49621754533915835,0,0.45048484534244426,0,0.3826093847065636
2025-09-09,16462,0,val,1,1,1,0.0017372439910910815,1,0.5943089703926797,1,0.7153093567896488,1,0.5349729353667078,1,0.6232228590121149,1,0.688853939921641,1,0.5431839526082741,1,0.5399512318402176,1,0.6745816185198342
2025-09-10,16457,1,val,1,0,0,-0.0007793892735684495,0,0.4150757276409435,1,0.5867982765633455,0,0.4955983198607846,0,0.4267563197569974,1,0.7018996607713024,0,0.46097463284273815,0,0.39684249878771155,1,0.5427455775283764
2025-09-11,16468,0,val,1,1,1,0.0002827790300514549,0,0.4190109400923083,0,0.4589481223950596,1,0.5381218335165528,0,0.4571953511882978,0,0.48202725659122053,0,0.47403915511841416,0,0.42320315955974935,1,0.6527231234280324
2025-09-12,16391,1,val,1,0,0,-0.0005095482650683417,1,0.5286110971014766,0,0.4902902311648701,1,0.5001661299287994,1,0.527085738967141,0,0.27399297689432345,1,0.5265926128149154,1,0.5370166910321397,1,0.5155333803318363
2025-09-15,16405,0,val,1,1,1,0.0008746620483792828,1,0.5952566923398935,1,0.5006467289628187,1,0.5424009603136234,1,0.6189090157371673,1,0.6387685915414961,1,0.5322003774146216,1,0.5650894043539043,0,0.46879104947357286
2025-09-16,16385,1,val,1,0,0,-0.000102331974046179,0,0.4844777092165827,1,0.5161469957465584,1,0.505700160188468,0,0.48349767253998116,0,0.27305579992314477,1,0.5150322896453025,0,0.4286816452023355,1,0.6486452547961705
2025-09-17,16430,1,val,1,1,1,0.0006597473575840942,0,0.473163854004412,1,0.5034938551833364,0,0.49892086623011017,0,0.4651306280663562,0,0.41334141317865297,0,0.4921117101319123,0,0.45768650781461784,0,0.49802982251264605
2025-09-18,16498,1,val,1,1,1,0.00031813394801077287,0,0.48734580322008464,0,0.4442314984299088,1,0.5176501358444324,1,0.5019655926966671,0,0.4995069309676945,0,0.4826226008639186,0,0.4852461239043252,1,0.5347318879825649
2025-09-19,16578,1,val,1,1,1,0.00022603221171545098,0,0.4047995568259812,0,0.4050500695669013,0,0.475834280545615,0,0.3797852980147129,0,0.1850140575406515,0,0.4425818812930712,0,0.3864125142480933,0,0.48462156907218423
2025-09-22,16607,1,val,1,1,0,-0.0002501030863229826,0,0.4476670595503229,0,0.3596256728200955,1,0.5010945580487691,0,0.44935357715830226,0,0.4519734350854426,0,0.4665099609480831,0,0.4413382739051572,0,0.40774573664196373
2025-09-23,16636,1,val,1,1,1,0.00015046842958473336,0,0.43757553318743314,0,0.42899598125932803,1,0.5273416284334823,0,0.47940462598618705,1,0.6006670170424951,0,0.4611347123151937,0,0.4519127891473414,1,0.6911902276089609
2025-09-24,16680,1,val,1,1,1,0.0002624141600702752,0,0.4526064203639979,0,0.33965527178208704,1,0.5029983870893654,0,0.4643770583519957,0,0.21401160237089162,0,0.4543384507906634,0,0.3874594864733522,0,0.44505450620116727
2025-09-25,16752,1,val,1,1,1,0.0003533006082113453,0,0.42617395280694675,0,0.31340664447429184,0,0.4831537271577157,0,0.4069950308286614,0,0.08572385544000233,0,0.4507527352995862,0,0.4743727100365126,1,0.6056686620441926
2025-09-26,16775,0,val,1,1,0,-0.0002280558282992565,0,0.3925118930916016,0,0.30408161701383857,1,0.5281441586551225,0,0.4433812316312902,0,0.36427666781005746,0,0.4490926863733212,0,0.36254196251462767,0,0.2563263330489066
2025-09-29,16680,1,val,1,0,0,-0.0007243754357534104,0,0.465753255154579,1,0.5613932747906029,0,0.44516613385171483,0,0.399540233290845,1,0.5900314483794731,0,0.48919730317399346,0,0.38894669947496996,1,0.7195900251043311
2025-09-30,16692,0,val,1,1,1,0.0009867303139620438,1,0.5762876429179029,1,0.536309031399063,1,0.5183348021640939,1,0.5919879624446996,0,0.3474702158084556,1,0.5437324747647745,1,0.5930493808509892,1,0.5518612076695589
2025-10-01,16680,0,val,1,0,0,-2.257122043285958e-05,0,0.4889734991107429,1,0.6680024839728754,0,0.46571986152230055,0,0.42917763837512174,0,0.4435774804701919,0,0.4770526982424495,0,0.45996102551649565,1,0.6782320175826035
2025-10-02,16612,0,val,1,0,0,-0.00025465676566935954,0,0.40710049538231785,0,0.3080637987718447,0,0.4559730184859175,0,0.35769948648046374,0,0.22550400984306662,0,0.4800287183677268,0,0.3522772677451986,0,0.27492573963697164
2025-10-03,16611,0,val,1,0,1,0.0006828812164969496,1,0.5468979614922402,1,0.5501282783801323,0,0.4989743967596831,1,0.5355311702075509,1,0.6383376585616255,1,0.5101487224351267,0,0.44754053178554504,0,0.40690129262605784
2025-10-06,16598,0,val,1,0,1,7.06396085951094e-05,1,0.5255582081194309,0,0.45622117081784774,1,0.502228961193101,1,0.5213612679482666,0,0.4892085806357506,1,0.5141000404058022,0,0.49234859539152526,0,0.48799119111437267
2025-10-07,16560,1,val,1,0,0,-2.331769971537556e-05,0,0.44722822876903573,0,0.3947342422624562,0,0.49015066830198406,0,0.4320321469065653,0,0.3195332235703217,0,0.49454626608828933,0,0.37384014587175857,0,0.4116566216441861
2025-10-08,16606,0,val,1,1,1,0.0008027801276739461,1,0.5573490065321626,1,0.523694827302236,0,0.4544515403679661,0,0.46746733008802577,1,0.5838287664133416,1,0.5191832616379652,0,0.4694708119887173,1,0.6816084876700559
2025-10-09,16534,1,val,1,0,0,-0.0007403374596353225,0,0.4433338887861914,0,0.364788955988999,0,0.486987135362489,0,0.4331880080719697,1,0.618188773220646,0,0.4758531818709928,0,0.41020219187397955,1,0.5798421123247903
2025-10-10,16585,0,val,1,1,1,0.0011072824588274069,1,0.5719384624499677,1,0.5800372019890846,1,0.5052643000940893,1,0.5368523375704742,0,0.4378886879412267,1,0.5260893479056211,1,0.5458628482422563,0,0.4976420444087019
2025-10-13,16580,0,val,1,0,0,-0.0002769660174046981,1,0.570596071280786,1,0.6958785021170584,1,0.5034212673441406,1,0.5616708776383174,0,0.31129692939815745,1,0.5394581562511875,1,0.5204627936120619,1,0.7620201009012645
2025-10-14,16577,0,val,1,0,1,0.00017684647833281586,0,0.483422997604238,0,0.2736380852176358,1,0.5149811072308921,0,0.4664578480650297,0,0.448155504873038,0,0.4885866390752785,0,0.440702726662549,0,0.22445640642366327
2025-10-15,16577,1,val,1,0,1,0.0001837125862247333,1,0.5671234530487542,1,0.5471576205087798,1,0.5141832073444232,1,0.5501952732180053,1,0.51072093978802,1,0.526939187067085,1,0.5994609839388519,1,0.5347120422262145
2025-10-16,16580,1,val,1,1,1,0.0001827413199717595,1,0.5063243188150601,0,0.38767178368277944,0,0.48896922917669067,0,0.4491962328458648,1,0.5494621893566255,1,0.5048818739147762,1,0.5160013630964447,0,0.41137255632617614
2025-10-17,16590,0,val,1,1,1,0.00021175735625782416,0,0.49369862781681445,1,0.5546132932862992,1,0.5156619051030827,1,0.5151686254950993,1,0.6744929112112248,0,0.492423757092384,0,0.47189566314346076,1,0.6365524616843848
2025-10-20,16585,1,val,1,0,1,4.447960176448181e-05,1,0.5260171035560977,1,0.6357940422450521,0,0.49830045257899575,1,0.5169381367169273,1,0.5078838429012291,1,0.5331519708561816,0,0.47514038477881376,0,0.46635532199140617
2025-10-21,16589,1,val,1,1,1,0.00022934854528535632,0,0.4930890764151027,1,0.5639993885747976,0,0.45257042472639103,0,0.4454888305155014,1,0.610796196645497,0,0.47126191522203764,0,0.41550465871112974,1,0.6242285684151452
2025-10-22,16617,1,val,1,1,1,0.000338740068796595,0,0.4955893776408017,0,0.39792051527279665,1,0.5278754815411999,1,0.5274275612123669,1,0.5583603995236223,1,0.5214216244615799,0,0.4745842298366494,0,0.49310329544558174
2025-10-23,16645,0,val,1,1,1,0.00015082377808210262,0,0.4535081564453354,1,0.5454855651445214,1,0.5155655995314105,0,0.4675592022098616,1,0.5889591220897447,0,0.47252053072586153,0,0.4344877069705333,0,0.46211534459166304
2025-10-24,16630,0,val,1,0,0,-0.00017042499033336205,0,0.43645374297339073,0,0.41014778474168323,0,0.4943984776176134,0,0.4370307279542706,0,0.33553504788313787,0,0.47120157543434527,0,0.46995495541326204,0,0.40538845071898993
2025-10-27,16628,0,val,1,0,1,0.0002622686224427592,1,0.5368967933873624,0,0.22871520154797736,0,0.48684608978149296,1,0.5206556674207802,0,0.1743795069162091,1,0.5199811694023238,1,0.5922404772327697,0,0.44334915449394147
2025-10-28,16622,1,val,1,0,1,0.0001309379764322157,0,0.4846138834003534,1,0.5259734221870236,0,0.49157070110104606,0,0.4732685774914146,0,0.24284842084089206,0,0.4980842395394174,0,0.40111582928352235,0,0.4607656459601326
2025-10-29,16631,1,val,1,1,1,0.00027440764074080504,0,0.45013579785533697,0,0.4823816564289525,0,0.48040340036386203,0,0.42068373052747515,1,0.5835533959812014,0,0.4873948527292033,0,0.3945233301777646,0,0.3790028069561912
2025-10-30,16640,0,val,1,1,1,0.00015728696685813972,0,0.44922421039883265,0,0.4923674849976944,0,0.49913541717968507,0,0.4465565215049535,0,0.4720263891334086,0,0.48210308093791626,0,0.4194219825548782,0,0.4807071841409393
2025-10-31,16625,1,val,1,0,0,-2.2178438611117627e-05,0,0.44915742965622607,1,0.5252277865378807,0,0.45668003687973757,0,0.409403385212532,1,0.5294392128137766,0,0.47469170539779004,0,0.419395962246376,1,0.5148847511377433
2025-11-03,16664,1,val,1,1,1,0.0005687691473783797,1,0.5218405715615462,0,0.40723734392288324,1,0.5105836515752945,1,0.5273580242236442,0,0.3845718711539837,1,0.5014411518435816,1,0.5108228582220942,0,0.43741819283896577
2025-11-04,16724,1,val,1,1,1,0.0003032858271867621,0,0.43800869681935856,1,0.5395576032971491,0,0.4667063773066915,0,0.42222909514245505,0,0.2276302864436072,0,0.4658520668899593,0,0.3908492901268019,0,0.43644033835975105
2025-11-05,16729,0,val,1,1,0,-0.00026900928168535973,0,0.3927469299945826,0,0.35711922194985835,1,0.5272487516101043,0,0.44724211672147307,0,0.28847588574780725,0,0.4588654784014945,0,0.43616287615510274,0,0.4958307773818914
2025-11-06,16707,0,val,1,0,0,-4.227891874160857e-05,0,0.4779623686930766,0,0.3388668991955287,1,0.5876290867404664,1,0.5836392328242072,1,0.6680544044761041,0,0.48948419724818854,0,0.38497725661304244,1,0.6636134114920094
2025-11-07,16704,0,val,1,0,1,0.0003086649439546652,1,0.5239948579738709,0,0.4416199925469736,0,0.4857442198690575,0,0.48314051924920165,1,0.64186646565406,0,0.4946285459721823,0,0.45687451313218047,0,0.18229740440335668
2025-11-10,16666,1,val,1,0,0,-9.980465711368265e-05,1,0.5362272894151714,0,0.40619003656827296,0,0.4967334118915586,1,0.5253429843890957,1,0.5860828556796404,1,0.5019470307325375,1,0.5535164162222995,0,0.39764853883449275
2025-11-11,16698,1,val,1,1,1,0.0006944355827929452,1,0.5151576766935001,0,0.33553693919434835,1,0.53683072769539,1,0.5644802677073731,1,0.5483725225839607,1,0.525671194979649,0,0.4899718545768484,1,0.5274193265473501
2025-11-12,16722,1,val,1,1,1,8.997197724313213e-05,0,0.47524471707126464,0,0.4378621014769818,0,0.43978938274165963,0,0.419905337076732,0,0.2385977677818542,0,0.47479327744883626,0,0.4118272964350786,0,0.3797536978465832
2025-11-13,16732,0,val,1,1,1,4.821238209340645e-05,0,0.4411206517456398,0,0.22886571196885921,1,0.5260545210799709,0,0.4752158568282317,0,0.4943671409478823,0,0.4932331287728135,0,0.4747778200581763,0,0.29046320519091456
2025-11-14,16710,1,val,1,0,0,-8.104057734453829e-05,0,0.49224423255165833,1,0.6474398160783327,1,0.5007755418614765,1,0.5103909421643067,0,0.46989136776277046,1,0.5030772825586087,0,0.492870044154707,1,0.5041847198828135
2025-11-17,16734,1,val,1,1,1,0.0005095304535987801,1,0.5511644679493182,0,0.3846557239272162,1,0.525812622311355,1,0.5919018585379457,1,0.5981862415013134,1,0.5266199035015072,1,0.5822294189516388,0,0.31799662054424027
2025-11-18,16760,0,val,1,1,1,0.00016711614451315454,0,0.4635121667745911,0,0.4604046637622928,1,0.5382316583475573,1,0.5040597169651558,1,0.5474593347381671,0,0.49604089277034413,1,0.5301872516705756,1,0.6478687442093908
2025-11-19,16732,1,val,1,0,0,-0.00024926508682125324,0,0.43711731679933974,0,0.3613331457464283,1,0.5226667935266528,0,0.4754062847760027,0,0.32698756431251763,0,0.4811556385276803,1,0.557557123915537,0,0.45137167252299404
2025-11-20,16742,0,val,1,1,1,0.0004515497506085813,1,0.5157026379314377,1,0.5509080386003284,0,0.4947833054149842,0,0.4987899448647355,1,0.5456062288787916,1,0.5031786856273721,1,0.5425550367932875,0,0.46966639983308534
2025-11-21,16719,0,val,1,0,0,-8.833728191973217e-05,0,0.495143759932855,1,0.5115740961853735,0,0.478321457714285,0,0.45472752984691467,0,0.08433555641333808,0,0.46377688249324117,0,0.4672457291044558,0,0.31384986976851514
2025-11-24,16709,0,val,1,0,1,0.00026420213682299646,1,0.5403393881795308,0,0.4196989989767335,0,0.49239559831764235,1,0.5264918353934676,0,0.42651023006052047,1,0.5038491804557349,1,0.5639279089779974,1,0.545575105513441
2025-11-26,16673,0,test,1,1,1,0.0004890578751668873,1,0.5542243874361609,0,0.3780638203536348,0,0.48330681947468196,1,0.5243503385661122,1,0.5219249433513454,1,0.5030586554790887,1,0.6263819457260897,1,0.6325529861017402
2025-11-27,16644,1,test,1,0,0,-9.701552567567494e-05,1,0.5535274834648033,1,0.5816595554205827,1,0.5328340378618235,1,0.5946070086117736,0,0.44156791426001407,1,0.5417491557023998,1,0.5668397567752413,1,0.5939156817198074
2025-11-28,16661,1,test,1,1,1,0.0004741756100401576,1,0.5654257858224295,1,0.545599866412983,1,0.5112988786413942,1,0.5694518764518142,1,0.5591690539351357,1,0.540760531760043,1,0.6837125513217295,1,0.5126547668505022
2025-12-01,16668,0,test,1,1,1,7.67053575064322e-05,1,0.6028954002219321,0,0.4609338060110297,1,0.5205112975979024,1,0.6100607883590278,1,0.5777858542659908,1,0.5436504477645007,1,0.5631139586022222,0,0.4801278772733384
2025-12-02,16632,0,test,1,0,0,-0.00015328917411518093,1,0.5414451418340213,1,0.5652716168196946,1,0.5204528643514124,1,0.5578087171401783,1,0.5235796927610479,1,0.506032423275251,0,0.4870725278467195,1,0.5053189693324298
2025-12-03,16632,1,test,1,0,1,0.0004050344150854929,1,0.5958702958693257,1,0.6453549983163376,0,0.48170547626642507,1,0.5522617196042319,0,0.4595003787983257,1,0.5226199504307512,1,0.625561199739739,1,0.657705644754724
2025-12-04,16646,1,test,1,1,1,0.0002468727592466526,1,0.5685217099215921,0,0.47039547319082325,1,0.5417242504392534,1,0.6008574076279256,1,0.5117920831597826,1,0.5310848913313733,1,0.6330328403948092,1,0.5377764424626839
2025-12-05,16655,1,test,1,1,1,0.00011203340865696499,1,0.5247120957413826,0,0.35251231333146404,1,0.5164645026558123,1,0.5242341338146352,0,0.23032718195926744,0,0.4901059840284968,0,0.49607101869110604,0,0.4778294576876252
2025-12-08,16688,0,test,1,1,1,0.00031554879735893807,1,0.5774059268396978,1,0.7025273900241868,1,0.5049341899970613,1,0.5537437391345048,1,0.7074213765979334,1,0.5336584830321075,1,0.586908101440829,1,0.6507023610318307
2025-12-09,16677,1,test,1,0,0,-0.00016284182733152094,1,0.5098243654097854,1,0.5582460357637269,1,0.5050026927292225,0,0.4872768542894898,0,0.48946936386825257,0,0.4924126796185629,0,0.47167748085822386,0,0.4533079985701932
2025-12-10,16688,0,test,1,1,1,0.00030380432691483116,1,0.5218277521092434,0,0.283056607206043,0,0.4908204755752596,0,0.4821685217381995,0,0.10838788019199182,0,0.4995854660859741,0,0.4915725553189427,0,0.397148749154534
2025-12-11,16668,0,test,1,0,0,-6.932696978034885e-05,1,0.5296163105115674,1,0.5487351648554022,1,0.5087159199628672,1,0.5352664293239827,0,0.3162459215388676,1,0.507741838307181,1,0.5447868050943396,1,0.522789109681965
2025-12-12,16652,1,test,1,0,1,0.00017884987797940272,1,0.5324934541797394,0,0.46663672232220516,1,0.5023030811232405,1,0.508974968786111,1,0.513170215526669,1,0.5129068574082808,1,0.5112537481884059,1,0.5306798284942528
2025-12-15,16669,1,test,1,1,1,0.00038159861286536325,1,0.5859982542084442,1,0.5049903254419686,0,0.4628721436155675,1,0.5157114616903078,1,0.5692650730417533,1,0.5471964681645876,1,0.5740695192826337,1,0.5199336747843355
2025-12-16,16693,1,test,1,1,1,0.00019559640148300936,0,0.4909131613841196,0,0.40659793755632306,1,0.5059132196164383,0,0.4824197779733949,0,0.34251169199453424,1,0.5139634071653756,1,0.5332317047254773,1,0.5300683974115308
2025-12-17,16698,1,test,1,1,1,1.3101592086925284e-05,0,0.4700998393636801,1,0.5535492031006312,1,0.5331807638904348,1,0.5171396643206412,0,0.3900865402045405,0,0.4799392421384373,0,0.4351604066396473,1,0.50236885187436
2025-12-18,16722,1,test,1,1,1,0.00028076287413779047,0,0.46506689921377664,0,0.38289869941547455,1,0.5117125637462131,0,0.4694284098811164,0,0.3438739604686224,0,0.4949380871717579,0,0.4116745054135131,0,0.4853753403581039
2025-12-19,16735,1,test,1,1,1,6.91140043540713e-05,0,0.4394470779896085,0,0.4070156686571294,1,0.5109365676579107,0,0.4840383921248886,0,0.4569039890980694,0,0.4764654366460016,0,0.39479534740864414,0,0.3600249486018083
2025-12-22,16773,1,test,1,1,1,0.0003211779976165248,0,0.46894414812912183,1,0.5720504121165395,1,0.5031892472695514,0,0.4683015135635082,1,0.5988789218053572,0,0.489489351425918,0,0.46667331869410134,0,0.3998919448210474
2025-12-23,16790,0,test,1,1,0,-1.9784175477682146e-06,0,0.434208417428812,0,0.4321537862009503,0,0.4850542591593438,0,0.4254215892531558,0,0.2569501540193811,0,0.47070038352476545,0,0.3560367417037092,0,0.3394060220965739
2025-12-24,16767,1,test,1,0,0,-0.00013126888931139365,0,0.4415283542872741,0,0.2574291409801425,0,0.48583569031027063,0,0.45108402683932564,0,0.33222761288518154,0,0.49796596454577624,0,0.4116323558571382,0,0.28371607189186693
2025-12-29,16788,0,test,1,1,1,0.0004572322791783041,1,0.5763246573927112,0,0.4497670765875564,0,0.48516402032214906,1,0.5595257390113116,0,0.4407277807662267,1,0.5266145463773426,1,0.5354095597350719,0,0.4709587628600278
2025-12-30,16782,0,test,1,0,0,-4.135337155516092e-05,0,0.46729832113854464,0,0.45754917341720236,1,0.5085603820401762,0,0.48021340813755553,0,0.23411939019264782,0,0.4960210441772721,0,0.4492299124303099,0,0.38901437955140455
2025-12-31,16720,1,test,1,0,0,-0.00024065780020172018,0,0.4646649512982318,0,0.3413411536492265,0,0.49204884430927986,0,0.4733104789514269,1,0.5570146857621369,0,0.48814238473207405,0,0.45487286165271273,1,0.5166996401356275
2026-01-02,16725,1,test,1,1,1,0.0006223650843716018,1,0.5754839477940047,0,0.4776113393564824,0,0.49425188975272805,1,0.5488002307705848,0,0.33434190577898665,1,0.5436544024251785,1,0.6141970551556231,1,0.5829004736329585
2026-01-05,16748,1,test,1,1,1,0.00027358507988440423,1,0.5566047451898514,1,0.5471948551999022,1,0.5227993090046777,1,0.5645898661115668,1,0.6829375364816687,1,0.5194814832876481,1,0.5240195706354501,1,0.5118864101160909
2026-01-06,16762,1,test,1,1,1,8.32853073596565e-05,0,0.46385583913841916,0,0.39416217702819356,1,0.5153228744531716,0,0.47080834701425484,0,0.3068908054468467,0,0.4873538570864089,0,0.41039155591180193,0,0.4562788443167593
2026-01-07,16785,1,test,1,1,1,0.00020962402659083584,0,0.49571111155462727,1,0.5150594279642937,1,0.5106454979348971,0,0.49990449706798357,0,0.2921484559187631,1,0.5063422772277792,0,0.4599958033078063,1,0.515015259739494
2026-01-08,16801,1,test,1,1,1,9.731686762246376e-05,0,0.4700119955025917,0,0.41365152836956726,1,0.5203071969616245,1,0.5042788371639099,0,0.2524884340837137,0,0.4938532171092982,0,0.4439006190908112,0,0.2556601094846633
2026-01-09,16834,1,test,1,1,1,0.00026467410824698544,0,0.4625581497050224,1,0.5206672924201942,0,0.49321302834744835,0,0.47258403547483446,1,0.6083319504799489,0,0.4754368035531131,0,0.468323099920046,1,0.5523355387833224
2026-01-12,16853,1,test,1,1,1,4.7697164937010624e-05,0,0.49211848767514266,0,0.4869368675228216,1,0.5192667860534784,1,0.506937678550905,0,0.3388359632896903,0,0.4801681138995721,1,0.5525222749284,1,0.5014619735356259
2026-01-13,16875,0,test,1,1,1,0.00016717915524813932,0,0.4526506788235946,0,0.34785570038466146,0,0.4985173575582844,0,0.43881116029723466,0,0.12236703554345141,0,0.4847268597612646,0,0.438404867690602,0,0.33629136393967163
2026-01-14,16871,1,test,1,0,0,-3.357733341503968e-05,0,0.4609077521147091,0,0.47994019634843244,0,0.49246243351303337,0,0.44041415049056903,0,0.2744644046232025,0,0.47698990360464844,0,0.4371562785352155,0,0.4213731490965764
2026-01-15,16880,1,test,1,1,1,0.0002390377430893085,0,0.4710763558485037,0,0.3501635465651044,0,0.4973762276176993,0,0.47256951324477764,0,0.33747025520196056,0,0.49662056451450387,0,0.4622114329441095,0,0.4050504545888849
2026-01-19,16935,1,test,1,1,1,0.0004649658777786408,1,0.5423725961317212,1,0.5269662774541934,1,0.5033087873816838,1,0.5471486015494319,0,0.3771518013798497,1,0.5216165743453332,0,0.44273290364906465,1,0.5399303172477334
2026-01-20,16981,0,test,1,1,1,7.95253194782973e-05,0,0.4406540444525221,1,0.557122960993192,1,0.5117839283504029,0,0.4573557264260454,1,0.6165680719349138,0,0.4564370037713574,0,0.4308666941387653,0,0.42773801613043705
2026-01-21,16963,0,test,1,0,0,-0.0002965531672126527,0,0.43210582273118237,0,0.3224800226928956,1,0.5119763142956076,0,0.44546033072069174,0,0.19185559857144346,0,0.46688385364096896,0,0.42406104052507554,0,0.4719822312926443
2026-01-22,16902,0,test,1,0,0,-0.00014579143747908067,0,0.48757796009548504,1,0.5485101945721543,1,0.5104961113558834,1,0.5125518269711654,1,0.6617340387057492,0,0.47994388943519856,0,0.4510743715426799,1,0.5685013190331576
2026-01-23,16838,0,test,1,0,1,0.00013324277537524984,1,0.5308543156052478,0,0.46509171424279644,1,0.5102639693689924,1,0.5305787212757256,0,0.2720879071357932,0,0.48702066872519756,1,0.5228230724372427,1,0.5199766072406132
2026-01-26,16779,1,test,1,0,1,0.00018898653017369855,1,0.5672860043932926,1,0.6823332717082781,1,0.5305205257034704,1,0.6337581440370104,1,0.7940804222879246,1,0.525212101191687,1,0.5286275758446386,1,0.5156308453340717
2026-01-27,16801,0,test,1,1,1,0.0007176756173952564,1,0.5457145148730861,1,0.6227118916427932,0,0.4737444975912084,1,0.5108262907239521,0,0.143972124417908,1,0.5538913643647643,1,0.5401054147718674,1,0.5433054263199747
2026-01-28,16723,1,test,1,0,0,-0.000549425988321098,0,0.4839578625999253,0,0.3803970689557618,0,0.4857764542206654,0,0.4432325546276215,0,0.3273504869450574,1,0.5291163825078625,0,0.4664911038517589,0,0.46705527473582764
2026-01-29,16786,1,test,1,1,1,0.0011389823559021868,1,0.5801678507333169,0,0.4978324456212801,0,0.4933217241397521,1,0.5695269729609836,1,0.7455300492416481,1,0.5413025130449877,1,0.5578323259069157,1,0.6882961783737217
2026-01-30,16796,1,test,1,1,0,-0.00022755171345967964,1,0.5448067283262574,0,0.4731154119519888,0,0.48026673833172395,0,0.498863636926363,0,0.3509877826772132,1,0.5269450980721292,1,0.5048647824848264,1,0.6919385069029712
2026-02-02,16800,0,test,1,1,1,0.00010590095130532776,1,0.5272358583509019,0,0.3611473550679207,0,0.4748986027103618,0,0.4819980359779282,0,0.4877769040736277,1,0.5166124149443639,0,0.48542707110829325,0,0.41784063112954356
2026-02-03,16777,0,test,1,0,0,-3.9314405792653836e-05,1,0.5683039060911766,0,0.4938836569868708,0,0.48438874617810285,1,0.5061943635905966,1,0.5681192484905991,1,0.512445625486812,1,0.5232290528201995,1,0.5997872913101814
2026-02-04,16775,1,test,1,0,1,0.0002972198273115902,1,0.5440584741920599,0,0.3511139580198919,1,0.5067201237722676,1,0.5305355653170591,0,0.2902368172251828,1,0.5082626405551299,0,0.4958609595138389,0,0.36398816995859085
2026-02-05,16826,1,test,1,1,1,0.000516963497294564,1,0.5429271899049273,1,0.6774948595898856,1,0.5046739304894692,1,0.5440318973592956,0,0.4685350131099274,1,0.505637060659793,1,0.5308833530697025,1,0.5582290206509667
2026-02-06,16887,0,test,1,1,1,0.00021100210291509025,0,0.4862365533710035,1,0.6768377619635739,0,0.48306887391625586,0,0.4680782925177917,1,0.6676599115352169,0,0.4603254088372013,0,0.3885395157507496,1,0.512837916551369
2026-02-09,16838,0,test,1,0,0,-0.0006192315554893724,0,0.4933299453164179,0,0.4502242483248994,0,0.48533240830086927,0,0.48430064524495336,1,0.6127139814154191,0,0.49667362912067753,1,0.5709487503822915,1,0.6385562684739584
2026-02-10,16799,0,test,1,0,1,0.00022269661310441835,1,0.5433413710217752,0,0.42401285609744954,0,0.4910659345118118,1,0.5206089951883914,0,0.4406718065926247,1,0.5197139227803679,1,0.5335271488729587,1,0.5633936105975307
2026-02-11,16781,1,test,1,0,1,0.00029855454863579774,1,0.5694830648850853,1,0.6120702645737447,1,0.5132077381581175,1,0.5699305681066245,1,0.857496174137183,1,0.5207367100147805,1,0.5549675124859625,1,0.6618166470061796
2026-02-12,16826,1,test,1,1,1,0.0005882023006623894,1,0.5184144374226625,1,0.656321221850387,0,0.49399128924077684,1,0.5102277733887065,1,0.6257025131374456,1,0.5025515047491527,1,0.5134696316480961,1,0.5603975975246609
2026-02-13,16844,1,test,1,1,0,-4.401590058697718e-05,0,0.47425086165994074,1,0.5345841388217503,1,0.5218747693393269,0,0.4990141042923556,1,0.5335995766780092,0,0.4966518147788949,0,0.38981867067615256,0,0.3262846636961843
2026-02-18,16884,1,test,1,1,1,0.0002986617278532597,1,0.5530110872465208,1,0.6426372263738697,1,0.501834182619629,1,0.5577289270032536,0,0.4762871553830372,1,0.5406722319319873,1,0.5036839094465296,1,0.6907053870020461
2026-02-19,16925,0,test,1,1,1,0.00015047041216841343,0,0.46045368218547655,1,0.679425544601948,0,0.4858728394871942,0,0.4483662140944599,1,0.8782751054100139,0,0.4888330838780633,0,0.4216576084703547,1,0.6642113456275925
2026-02-20,16885,0,test,1,0,0,-0.0004148063750362028,0,0.4136876370747883,0,0.4637585279097789,1,0.5796569120379106,1,0.5294053312336614,1,0.7371036502136836,0,0.4542641990336055,0,0.4142699565007094,0,0.3763665308116757
2026-02-23,16818,1,test,1,0,0,-3.457497979539703e-05,1,0.5345443974471967,1,0.5300397487630275,1,0.5690601118102325,1,0.6239638066155964,1,0.7839715282081458,1,0.5094382343449386,1,0.5075836100133885,1,0.5436345884452681
2026-02-24,16830,0,test,1,1,1,0.0007032462255535433,1,0.5549123542211478,0,0.31792708911989875,1,0.5134700209448119,1,0.5966504944171879,0,0.32973590184770457,1,0.5314150047359341,1,0.5097785279067036,0,0.39891347547114936
2026-02-25,16813,0,test,1,0,0,-5.3718497195401295e-05,0,0.48646737631594034,0,0.46783883626303296,0,0.4881579068935538,1,0.5137485988719857,0,0.22694468024865622,0,0.4680191681393464,1,0.5609658931778871,0,0.468380327361765
2026-02-26,16758,1,test,1,0,0,-0.00011369699529193932,0,0.489900173784949,1,0.5187273920678159,0,0.4688968186363332,0,0.48415182474013035,1,0.5486052635562175,1,0.5421501762279956,1,0.5872262218459211,0,0.4716602659498908
2026-02-27,16779,1,test,1,1,1,0.0006832360337640927,1,0.5932506880757684,0,0.34276759077375246,0,0.48291612679865564,1,0.5623431223614594,0,0.2786790127998749,1,0.5009964377566405,1,0.5665202782263344,0,0.44514312809342205
2026-03-02,16848,1,test,1,1,1,0.0004789818168182191,1,0.5625309859377792,0,0.4618191102075743,0,0.4817084848707117,1,0.512900138535549,0,0.2663533937973263,1,0.5105176877060088,1,0.6311430250447992,0,0.4342649646563487
2026-03-03,16870,1,test,1,1,0,-0.00018554072889729283,0,0.43814172648382527,1,0.5045606688549314,1,0.500390348645634,0,0.4266918660196054,0,0.3568725289579328,0,0.49253193943195633,0,0.43457959157880716,0,0.38427343446408924
2026-03-04,16911,0,test,1,1,1,0.00027718839881150795,0,0.47782653958821636,0,0.422616287247902,1,0.5050398747608315,0,0.4751221279501308,1,0.7065503894997788,1,0.5177130229689174,0,0.48651131214177645,1,0.6801698293282296
2026-03-05,16886,1,test,1,0,0,-0.00031160553330828535,0,0.4703021583910549,1,0.6147812441857307,1,0.5206020985525969,0,0.49544011801123605,1,0.7835898038017828,1,0.5037808149599258,0,0.4852814172032005,1,0.7158894987363617
2026-03-06,16919,1,test,1,1,1,0.0005518452812750081,0,0.48328680788430445,0,0.4843132675641935,1,0.5329002737777306,1,0.532859944219022,1,0.7190485038656643,1,0.5131275396081423,1,0.5561963355356366,1,0.5424577658736379
2026-03-09,16974,0,test,1,1,1,0.00029587213628922484,1,0.5077707855489505,1,0.5549061157173714,1,0.5424855111783096,1,0.5756736135920636,1,0.5886848225444611,1,0.5072132722088468,1,0.5983556141680837,1,0.7442520924032484
2026-03-10,16879,0,test,1,0,0,-0.0008907153089545118,0,0.4021631289271204,0,0.2775288691414032,1,0.5308779771748989,0,0.44409486654846436,0,0.2960299723349409,0,0.45436150019639887,0,0.49190668431650936,0,0.3461398770349667
2026-03-11,16867,1,test,1,0,1,0.0007310910972680271,1,0.5501044022809898,0,0.4954733149114821,1,0.538742893114274,1,0.5825534748176568,0,0.12440853306194817,1,0.5130718175193885,1,0.7171917290303317,1,0.576250513644792
2026-03-12,16899,1,test,1,1,1,0.00045413050408989604,1,0.5508683544082579,1,0.7546805564658944,1,0.5344471224587044,1,0.5956808059416966,1,0.8631176607557877,1,0.5308555681713915,1,0.6871684533164438,1,0.5819329829907559
2026-03-13,16934,1,test,1,1,1,0.00016538407090440995,0,0.43570303503071073,0,0.37169084414776465,1,0.5043703757061065,0,0.45616849295060247,0,0.21461564168532063,0,0.4597175077171053,1,0.5385164994533445,1,0.6836384681360378
2026-03-16,16990,0,test,1,1,1,0.00028857972086869787,1,0.5089571060204185,1,0.5151654887932008,1,0.518616832777484,1,0.5403928936915066,1,0.5887131229195072,1,0.5197944589481595,1,0.5788250008863272,1,0.7082883741979982
2026-03-17,16982,0,test,1,0,0,-0.0002975888483750275,0,0.43271376168518183,0,0.3506807024327176,1,0.5078788927233979,0,0.4457364431699172,0,0.2953262194305716,0,0.47122460745568995,0,0.45314994423120425,0,0.41404644957260195
2026-03-25,16905,0,test,1,0,0,-0.00032556674679258855,1,0.6011482401029874,0,0.27875927630980846,1,0.5032335797047747,1,0.6005747792895857,0,0.33794199519172946,1,0.5516326320825625,1,0.6292803171351153,0,0.45949757917030287
2026-03-26,16903,1,test,1,0,1,0.0006736470155972161,1,0.5485207010934536,0,0.45033865655082894,1,0.5398445638367806,1,0.5960249069812137,0,0.43128178194960076,1,0.5317796335253492,1,0.6065507623149351,0,0.4563472502707842
2026-03-27,16957,1,test,1,1,1,0.0005348184225625023,1,0.5041655651536293,1,0.5377903472296484,0,0.4837566273122011,0,0.49788854799087573,1,0.5650827579524595,1,0.5019589975974642,1,0.5576271365777997,1,0.6153829267963025
2026-03-30,16993,1,test,1,1,1,1.8003781189636254e-05,0,0.46771206795014947,0,0.4078096947966129,1,0.5076944064452201,0,0.49962972869537015,0,0.34153137293393365,1,0.5123716054131863,1,0.5439429359458631,0,0.4954496518356155
2026-03-31,16999,1,test,1,1,0,-6.149999663751715e-05,0,0.4557037953438056,0,0.3777116385002026,1,0.5093775950931457,0,0.4644982601705967,0,0.36470941478850644,0,0.47706283313033576,0,0.4751945204452251,0,0.36083159546563953
2026-04-01,17002,1,test,1,1,1,0.00012745926855364911,0,0.47874115135345724,1,0.5460278126988493,0,0.4718683205303949,0,0.441096190755964,1,0.6217122145445183,0,0.48101290245834505,1,0.5135989103794678,1,0.699592874997706
2026-04-02,17015,1,test,1,1,1,0.00021696326134460243,0,0.47514373195052745,0,0.3707445449242069,0,0.47340739660177045,0,0.44218761147541347,0,0.45678754879256345,1,0.5026319455330374,1,0.5567289603408716,1,0.5855786061717897
2026-04-06,17037,1,test,1,1,1,0.00020884654636030818,1,0.5090990373220412,0,0.406760571857924,1,0.5234487714880818,1,0.5637995273243556,1,0.5646317714792319,1,0.5332340982662013,1,0.5478213304061006,1,0.5315209147222121
2026-04-07,17092,0,test,1,1,1,0.00037152074097210634,0,0.4486914423104511,1,0.523712259834777,1,0.5602614895914374,1,0.5703021477723431,1,0.5250775717794666,0,0.47154023585585786,0,0.46427807881124783,1,0.6399623826572857
2026-04-08,17009,1,test,1,0,0,-0.0008011952374628691,0,0.4197622237749446,0,0.4981348142104528,1,0.5033705938842599,0,0.42605317318267083,1,0.6910103856548658,0,0.46697115641865833,0,0.44942321454528344,0,0.40641726071828144
2026-04-09,17082,1,test,1,1,1,0.0012253581632311985,1,0.532398494807254,0,0.42720804740696416,1,0.5108178434611623,1,0.5411964043986226,0,0.3009752605577136,1,0.5250445950993758,1,0.5904671062034864,1,0.6171576136790579
2026-04-10,17112,1,test,1,1,0,-0.0001542736919190411,0,0.47428541732632584,1,0.5669979190690785,1,0.5156299477728962,1,0.5113054901726756,0,0.4207155970320482,0,0.4984423222067078,1,0.537070229812651,0,0.4618905601794781
2026-04-13,17122,1,test,1,1,1,8.864112542777532e-06,0,0.438525396578695,0,0.3043071874516597,1,0.5133961109262922,0,0.46904696021613057,0,0.31061572887831085,0,0.46995920523816664,0,0.4632839701028558,0,0.47572737620892125
2026-04-14,17135,1,test,1,1,1,0.00016800247959788085,0,0.4996960533155574,0,0.3225675054523168,0,0.46779152573917465,0,0.46021998902429934,1,0.7380293923514267,0,0.48541174032284184,1,0.5094256507117985,0,0.4174279728115522
2026-04-15,17141,1,test,1,1,1,9.959150678069909e-05,0,0.46272369225141985,1,0.5305568637138901,1,0.5123130268688433,0,0.46781719210920236,0,0.35161271365807606,0,0.48696656048896314,1,0.5385803452882472,1,0.705863923474319
2026-04-16,17142,1,test,1,1,1,0.00011402637725122548,0,0.45433638364152024,0,0.4628295545716422,0,0.48601414674199006,0,0.44942613341218524,1,0.6970956567692215,0,0.49524598191731944,0,0.49281130198951534,0,0.4599848865504884
2026-04-17,17189,0,test,1,1,1,0.000461203109760107,0,0.477343233302658,1,0.5538779287884091,0,0.472250517127225,0,0.46766766817681366,0,0.2975271139793119,0,0.4777461883093882,1,0.5911756636017005,1,0.7136991729672791
2026-04-20,17176,0,test,1,0,0,-0.00026411179658509507,0,0.4740999687868063,1,0.6019527957102279,1,0.5025968303012025,0,0.49788526654500875,0,0.41055816126546574,1,0.5165451748997364,1,0.5909423064426498,1,0.5949486722204661
2026-04-21,17142,1,test,1,0,1,7.27222065164872e-06,0,0.4571068121636919,0,0.4637142071681063,0,0.4627287915437549,0,0.41739901249443184,0,0.28692576136683745,0,0.49642613001111846,0,0.40843621438537653,0,0.40366488307796644
2026-04-22,17179,1,test,1,1,1,0.0006351262755742563,1,0.5277740066427183,1,0.6573342737890591,1,0.5217559196630415,1,0.5520803472533884,1,0.6207575537144617,1,0.5224242346854413,1,0.5509745754240742,0,0.4283381503710202
2026-04-23,17308,0,test,1,1,1,0.0007658056804431214,1,0.5042790926630384,0,0.44327189163225295,1,0.5079461501325526,0,0.49983393396329656,0,0.36831925089962614,1,0.5102049967763435,0,0.46238331179479747,0,0.40248082425787085
2026-04-24,17278,0,test,1,0,0,-0.0009404829137020423,0,0.3867115062671797,0,0.377765134088171,1,0.5047392934634235,0,0.40086618117600337,0,0.1600749647397111,0,0.41976981743720626,0,0.3934701307545642,0,0.32459903315464866
2026-04-27,17227,1,test,1,0,1,9.543617847280943e-06,1,0.5205009603551873,1,0.6742736220879955,1,0.5092205958971143,1,0.53821094364091,1,0.7591032264167239,0,0.4955140936863917,0,0.49858530172017684,1,0.7169482507162523
2026-04-28,17245,1,test,1,1,1,0.000620971459611291,1,0.575931133269801,1,0.6020016467450179,0,0.48129828363522936,1,0.5453356341968701,1,0.5742012413786539,1,0.5202244598568134,1,0.6045379709387337,1,0.5588048847272833
2026-04-29,17324,1,test,1,1,1,0.0005580854659055727,0,0.48424656300703095,1,0.5654935150808617,1,0.5111077487632807,0,0.4813580572115764,0,0.23362930367455134,0,0.499462392622057,1,0.5271571279637303,1,0.8139588174166356
2026-04-30,17378,0,test,1,1,0,-3.004864393359991e-05,0,0.42693086230560334,0,0.4244957823608264,1,0.5029098193181674,0,0.42720593366096776,0,0.3269736381543324,0,0.4557363502884961,0,0.43149007157945624,0,0.28014738829447183
2026-05-04,17368,1,test,1,0,0,-0.0002873553526023458,0,0.49634548079047397,1,0.5070251606838234,1,0.5121228024746305,1,0.50300531557705,0,0.22624029227601108,0,0.49997956725654824,1,0.5208209122668588,1,0.594809280340916
2026-05-05,17425,0,test,1,1,1,0.0005991663430531138,1,0.5073901169378324,1,0.625011982864116,0,0.48490864677408735,0,0.46941060246454624,1,0.5418992926199445,0,0.4729474248557166,0,0.4811761029729694,0,0.4506125469378277
2026-05-06,17405,0,test,1,0,0,-0.00037365408185092443,0,0.44432674406584366,0,0.3450577910356341,1,0.514533718273151,0,0.47811787950421875,1,0.5002177231567757,0,0.48229169551064927,0,0.47378531929100826,0,0.36634288190983283
2026-05-07,17362,1,test,1,0,0,-3.684985225425568e-06,0,0.45042553035959015,0,0.20417326527791158,0,0.4639491860756523,0,0.40231574461381797,0,0.4124943489403506,0,0.4651140063528941,0,0.4007988407856504,0,0.22375311755558913
2026-05-08,17375,1,test,1,1,1,0.0005292655032269442,1,0.5309878967897456,1,0.5988952832197634,1,0.528873426520914,1,0.5694564393243281,1,0.736668854264857,1,0.5214781127927548,1,0.5845895644746822,1,0.6975129109516628
2026-05-11,17415,1,test,1,1,1,0.00032823495345784566,1,0.5182078286975274,0,0.4654136821785551,0,0.49067697765281776,1,0.5081243260759288,1,0.5181979998937883,1,0.5389277998753659,1,0.5798409418092961,1,0.5264927259826526
2026-05-12,17514,0,test,1,1,1,0.0005373825796406805,0,0.4752400692686782,0,0.4491770458951501,0,0.4957426246331251,0,0.4559581281749939,0,0.4399649098627542,0,0.49148304161770384,0,0.4813401497434904,0,0.4995835752821698
2026-05-13,17496,1,test,1,0,0,-0.0006432102626464838,0,0.42383018739097156,0,0.4434440895596287,0,0.4823710677541306,0,0.42877090512621713,0,0.2849561862553111,0,0.45233463223789416,0,0.42050953803554436,0,0.4052898332489679
2026-05-18,17666,1,test,1,1,1,0.001398584522517419,1,0.6256269795299377,1,0.7773768649764285,0,0.4859445438816134,1,0.5816900350788288,1,0.6719848963638655,1,0.5393111118814016,1,0.7205592314881873,0,0.4204738334488682
2026-05-19,17719,0,test,1,1,0,-0.0006481076417516599,0,0.453671279277505,0,0.38791938117200153,1,0.5016721784364501,0,0.44199042816665707,1,0.5574523752395212,0,0.47740372997058417,0,0.4904202042665624,0,0.4716980322399257
2026-05-20,17685,0,test,1,0,0,-0.000430438530565635,0,0.39373032173763667,0,0.3501275450700717,0,0.48957313481329867,0,0.3792538558134448,0,0.3399385734488019,0,0.411007746139545,0,0.46664488798892517,0,0.4263842077214022
2026-05-21,17673,1,test,1,0,1,0.0002972298883345661,1,0.5580373565900232,1,0.6151524033814223,0,0.4900566700727915,1,0.5151374725946496,0,0.46177957363732347,0,0.48646365623277854,1,0.6542128823697063,1,0.5063046262348663
2026-05-22,17717,1,test,1,1,1,0.0005192484715759761,1,0.5193082024341038,1,0.5408167484985341,0,0.49173326348447116,1,0.5264414399951112,1,0.8468185018374993,0,0.4856630372666058,1,0.5811610070946206,1,0.6840846046937923
2026-05-25,17743,1,test,1,1,1,2.5015923209966147e-05,0,0.4766352591401024,0,0.41177675041359124,1,0.5040637156753615,0,0.48948053538232394,0,0.23494577071916373,0,0.49930593968954967,0,0.4723961567743302,1,0.5333792995754711
2026-05-26,17789,1,test,1,1,1,0.0002769194367893201,0,0.46405655061036166,1,0.5450322175928942,0,0.4862313155499507,0,0.45872499985487114,1,0.7591207783821774,0,0.4701788788918583,0,0.48150620359590957,1,0.5854026227885302
2026-05-29,17883,0,test,1,1,1,0.00045656570898252165,1,0.5452421157094407,1,0.54146920688911,0,0.4891746338789121,1,0.5013760652675634,1,0.5560389380167229,1,0.5229187820400581,1,0.6375326262991128,1,0.7765555542098718
2026-06-02,17863,1,test,1,0,0,-0.0006065653509554939,0,0.485494131841279,0,0.3269620187207675,0,0.4909702373068896,0,0.46457308149069765,0,0.08434095672146152,0,0.4837853054744684,1,0.5011085101979981,0,0.3628887530578247
2026-06-03,17931,1,test,1,1,1,0.0007245913941380462,1,0.5193755104222176,1,0.7410654129983483,0,0.4877619541318249,0,0.48578969210299067,1,0.8766977936430362,0,0.4656155095783906,1,0.5580334182836051,1,0.5197474795124069
2026-06-04,18039,0,test,1,1,1,0.00039880261485788744,1,0.5336810535854108,0,0.32582926883915714,1,0.5063432817997765,1,0.513763678795657,0,0.4936513444026916,1,0.5063949098788677,1,0.6360958648576144,0,0.4756226676921403
2026-06-05,18039,1,test,1,0,0,-0.0005631350382689464,0,0.40611368753732147,0,0.2322141004834952,1,0.5201663012867833,0,0.42575470476212407,1,0.510406296728476,0,0.45307005390600225,0,0.4482715530112013,0,0.33989651705060275
2026-06-08,18171,0,test,1,1,1,0.000999203706676262,1,0.5983505848385845,1,0.7321161702778683,1,0.5099222906074686,1,0.6089834856215777,1,0.8297492425317164,0,0.4829864555060383,1,0.6577529269981285,1,0.7006718238843763
2026-06-09,18141,0,test,1,0,0,-0.0009083075622681046,0,0.45423441445705603,0,0.2536990167234712,1,0.5296838478988525,0,0.494020928100721,1,0.5552881864633893,0,0.476853189774848,1,0.717183559084904,0,0.4875690891321406
2026-06-10,17971,1,test,1,0,0,-0.000753692504214609,0,0.40992484980371524,0,0.38709977381494903,1,0.5274415943609029,0,0.4724197696953447,0,0.43888194369115996,0,0.42369300364848034,1,0.5212704677959396,0,0.49839536480647195
2026-06-11,17981,0,test,1,1,1,0.0013297323027017945,1,0.6402169167796122,1,0.64414305223443,1,0.5367766842439854,1,0.677012262216697,1,0.7737319433906701,1,0.5542397759574565,1,0.7405539199292495,1,0.6423862062496147
2026-06-12,17921,0,test,1,0,0,-0.000307119374318384,0,0.4778801241950205,0,0.42420685683177295,1,0.5650337958084508,1,0.6379862066059111,1,0.6253391830625141,0,0.45999630393054525,1,0.6231678426109151,1,0.6847858114349794
2026-06-15,17719,1,test,1,0,0,-0.0007773677141747107,0,0.4076391006567855,0,0.48471352695339326,1,0.5251622741570635,0,0.4933886643422958,0,0.43778803924920456,1,0.5115048375401546,1,0.5212200768968204,0,0.4567096184417187
2026-06-17,17753,1,test,1,1,1,0.001716120440891832,1,0.6643093297755325,1,0.579042196927126,1,0.5000200066076125,1,0.6487982996800704,0,0.32824540376144395,1,0.6076628451241576,1,0.6985855743658892,1,0.6026486076751643
2026-06-18,17826,0,test,1,1,1,0.0004001556996626892,1,0.5420969612890811,1,0.6484573875614517,0,0.4984744165947432,1,0.5350998394688327,1,0.6620634561166091,1,0.5397344769313475,1,0.5728256440240139,1,0.6568413091246782
2026-06-19,17826,0,test,1,0,0,-0.0003377272286815156,0,0.4046904136296649,0,0.3452844176962366,0,0.47697333722747576,0,0.38911119165356706,0,0.27411149959006165,0,0.47459091188836555,0,0.3958653931662811,0,0.4603308508808531
2026-06-22,17819,1,test,1,0,1,0.00010290740307087808,1,0.5818868491904956,1,0.6166133832324774,0,0.47048686850335764,1,0.5394916911264184,0,0.3903800361124102,1,0.5461117051651049,1,0.6802581208435718,1,0.7023695199428528
2026-06-23,17868,1,test,1,1,1,0.0005156170129232962,1,0.5373193755308057,1,0.7676805052592712,0,0.4921000584695787,1,0.540122839661934,1,0.7372107406484056,1,0.5218407386301624,1,0.5512364713661728,1,0.7498796090907814
2026-06-24,17955,0,test,1,1,1,0.000389788242418349,0,0.4876957508463085,0,0.42820064463635876,0,0.4824598846246382,0,0.4549387250675934,0,0.34036201345193123,0,0.4928677832230957,1,0.5086154931374741,1,0.5447679782900365
2026-06-25,17942,1,test,1,0,0,-0.0005115600514325947,0,0.42184872239812055,0,0.4375104350768448,0,0.49400753462816605,0,0.43074561741693357,0,0.251530949787737,0,0.44618718919208433,0,0.47128976566224406,0,0.2944436367311447
2026-06-26,17962,0,test,1,1,1,0.0003645423203196888,0,0.49435654798572665,1,0.5137893649099106,1,0.5491227931797853,1,0.5631709568435609,1,0.7106498928637515,1,0.5083501929828554,0,0.47576239746842175,0,0.488479555194235
2026-06-29,17856,1,test,1,0,0,-0.0006737792022013102,1,0.5173514251649906,1,0.5929741417859323,1,0.5016995659037043,1,0.5286742735967144,1,0.848020759116467,0,0.49613899649869636,0,0.45969014327094093,0,0.35745271519802335
2026-06-30,17899,1,test,1,1,1,0.001130938937329367,1,0.5393941453996287,1,0.6563819517860343,1,0.5111705492444026,1,0.5544476307362893,0,0.38312047655101655,1,0.5193982762709293,1,0.5777423268247692,1,0.6090134652882014
2026-07-01,17961,1,test,1,1,1,0.0002669602314334697,1,0.5121669237646238,1,0.5920601342102974,0,0.4706959005329572,0,0.479504901869563,1,0.9445995608871094,1,0.517089543740172,1,0.534702105368593,1,0.7168232699133263
2026-07-02,17994,0,test,1,1,0,-4.706168856437421e-05,0,0.40424123378320753,0,0.2792658575727593,0,0.4951968883593607,0,0.41951146133208167,1,0.5158254736056485,0,0.4651764301625217,0,0.45576789958777003,0,0.45948162075505994
2026-07-03,17960,1,test,1,0,0,-0.0002895010990102974,0,0.46142202837656776,1,0.5723540657433077,1,0.5085680951489172,1,0.5212530315671572,0,0.4256103176915304,0,0.49979006831672956,0,0.4389894489784751,1,0.6026023858234002
2026-07-06,17999,0,test,1,1,1,0.0006259572411228521,1,0.5356035156732908,1,0.619339844021432,0,0.4865572913125051,1,0.5065724016015913,1,0.7521661514920297,1,0.5224325236316185,1,0.56518974567925,1,0.5035788659015974
2026-07-07,17988,1,test,1,0,0,-0.0001797268369081154,0,0.43217283126959594,0,0.4295778179939572,1,0.5127520344559572,0,0.46396060549307905,1,0.7292624729432264,0,0.47145828664955236,0,0.41179222711272745,0,0.36961297294160755
2026-07-08,18005,1,test,1,1,1,0.0003313843930725947,0,0.415431459011781,0,0.29422874185745174,0,0.463905383677945,0,0.3793972734104109,0,0.1403803711491649,0,0.46244205948367006,0,0.47482169589539164,0,0.3436109610737532
2026-07-09,18090,0,test,1,1,1,0.0005861447371077868,0,0.48329248521629264,1,0.5587595464584963,0,0.4556461272808149,0,0.42656583534775394,1,0.5371418177253153,0,0.47688864828271427,1,0.5468747688004024,1,0.7849490911319262
2026-07-10,18069,1,test,1,0,0,-0.0005450886537214362,0,0.38098753750078923,0,0.33367950050691353,0,0.47121788923587576,0,0.3818589888549612,0,0.3365764004673198,0,0.463637785422996,0,0.3896485718495038,0,0.3277681604398818
2026-07-13,18131,0,test,1,1,1,0.0006859933639803148,1,0.508364335239496,1,0.5696883133639158,0,0.49333580993865933,1,0.5052342357816841,1,0.749204242407472,0,0.4918523607935597,1,0.5129834971951085,0,0.47484156622798734
2026-07-14,18099,0,test,1,0,0,-0.0004634012172607953,0,0.4712183811111158,1,0.5797623792193769,0,0.48520619770336904,0,0.44680773527211154,1,0.7209177873720962,1,0.5089793921153949,0,0.4595227230529584,1,0.5620634827177196
2026-07-15,18064,0,test,1,0,1,0.00013233177777355353,0,0.45674657095704785,0,0.2669184098033186,1,0.50013293350662,0,0.4547644818128854,0,0.2422989107459912,0,0.4666359422983738,1,0.5106791055235234,1,0.6306791443673266
2026-07-16,18041,0,test,1,0,1,0.00022956624756502485,1,0.5216303892539054,1,0.6958339654718605,1,0.5103436942079387,1,0.5358125273839016,1,0.643107206391931,1,0.5279439499214381,1,0.511834489312387,1,0.5866306669629505
2026-07-17,17944,1,test,1,0,0,-0.0003291251678374563,0,0.47006491760834807,0,0.3360192055026301,0,0.48673945471450325,0,0.4434941885776584,0,0.43486227449927933,0,0.4927029962681894,0,0.46567946049485476,0,0.4894956193274139
2026-07-20,17976,0,test,1,1,1,0.0009956514752732107,1,0.5980519527114208,1,0.5350051546670057,0,0.4996769773884979,1,0.5570566962602169,1,0.7686440386068849,1,0.5546222409208742,1,0.5846816472249338,0,0.4157633139566163
2026-07-21,17909,0,test,1,0,0,-0.0004980821250259819,1,0.5007829437624101,1,0.5177475145840614,1,0.5228185662629125,1,0.5089083649991095,1,0.6879406367098164,1,0.5051947990005744,0,0.4995902643499033,1,0.5406957763799368
2026-07-22,17909,1,test,1,0,1,0.0005913843857665792,1,0.523939832115961,0,0.34915173893957063,0,0.4898858994822646,0,0.47245550318228835,0,0.25082572467288017,1,0.5200473355723951,1,0.5053051777832438,0,0.35431078612448497
2026-07-23,17915,1,test,1,1,1,0.00018779788644244293,1,0.5739725265322156,0,0.4245836298357079,0,0.4894880036766241,1,0.5175781313183427,1,0.6261883784798269,1,0.525497180941337,1,0.629442888095595,1,0.6559415608752057
2026-07-24,17973,1,test,1,1,1,0.0004860620967520043,1,0.5045483286130518,1,0.6468745606468315,1,0.529842229381526,1,0.5159335432412263,1,0.8573137226298013,0,0.4908694880020498,1,0.5682435610313792,1,0.6531117645835809
2026-07-27,17995,1,test,1,1,0,-9.174384667838843e-05,1,0.5474309171336937,1,0.6407165014447653,1,0.5014126167080313,1,0.5220852057125861,1,0.6212176557642493,1,0.5170227966738347,1,0.605541398936091,0,0.49542664672819087
2026-07-28,18088,0,test,1,1,1,0.0006050172384913644,0,0.4994924766116221,1,0.582860394714818,1,0.5056466371950921,0,0.4869262806332158,1,0.7148915841955474,0,0.4959259281374286,1,0.5198933968698,1,0.568745536420421
2026-07-29,18087,0,test,1,0,0,-0.0004687948979717119,0,0.45299231513805815,1,0.6506375060697784,0,0.49500845390980514,0,0.4376105897897616,1,0.9026054177214038,0,0.4746179650741593,1,0.5072090729707065,1,0.5652854340459663
2026-07-30,18078,0,test,1,0,1,9.721803452249327e-05,0,0.46366742309949277,1,0.586452882706055,1,0.5115839622890106,0,0.47271730273972956,0,0.477706151579612,0,0.46965018821503346,0,0.48735941295787727,0,0.43952990283969373
2026-07-31,18058,0,test,1,0,1,7.860082763900422e-05,1,0.5219376470951991,1,0.5578180620560925,0,0.48138356017923845,0,0.4712851171614215,0,0.08669848781325677,0,0.47788017987866377,1,0.5423342423467526,1,0.5818600577385655
2026-08-03,17991,1,test,1,0,0,-0.00015366677536179506,1,0.5293352047803135,0,0.48806024572850143,0,0.4956600681499684,0,0.4925454832971397,1,0.5262393062397859,1,0.504199847471112,1,0.6174823629154098,0,0.4286062276702629
2026-08-04,18037,0,test,1,1,1,0.0008872461242617927,1,0.5436108230049118,0,0.4481655728637639,0,0.4784718850057845,0,0.49379847695713586,1,0.7293280435666135,1,0.5110212272721197,1,0.5572197480293235,1,0.706341582287878
2026-08-05,17937,0,test,1,0,0,-0.0008025156953475562,0,0.4716641920411097,0,0.47018392368948164,1,0.5023293671226184,0,0.4542555820210484,0,0.26558374747127944,0,0.49915919953072346,1,0.5151004076924193,1,0.7753192115883452
2026-08-06,17919,0,test,1,0,1,0.0006906587744831205,1,0.5406483042159086,1,0.512081220613412,1,0.5035242799426769,1,0.5131826030816068,0,0.35192922959612327,1,0.5059817382677521,1,0.5500353912083163,1,0.5381073705703163
2026-08-07,17913,0,test,1,0,1,0.0002286774049653645,1,0.5850606664619734,1,0.5511350432445902,1,0.5180988771724278,1,0.5840864746038931,0,0.26849456666923144,1,0.5434556994743378,1,0.5625872391451522,1,0.5821960502589033
2026-08-10,17795,1,test,1,0,0,-0.0005825424592099958,1,0.5129908519377088,0,0.3570765005024126,0,0.4837642161897907,0,0.4674221553653381,0,0.35616731595882,1,0.5034815488518302,0,0.4687075319465317,1,0.5483217290058716
2026-08-11,17824,1,test,1,1,1,0.0011221491193666917,1,0.6189798456459437,1,0.542878558957188,0,0.4943502701364029,1,0.5880731395839257,1,0.5145917849282338,1,0.5636151332233831,1,0.610296894657982,0,0.4257328368062088
2026-08-12,17876,1,test,1,1,1,0.00029551580284557365,1,0.563792515459875,1,0.7639716096168463,1,0.5055729224541139,1,0.5396314423979588,1,0.5940581881604321,1,0.5368607757911913,1,0.608198744501796,1,0.6120792076660861
2026-08-13,17882,0,test,1,1,0,-0.0001574680175567386,0,0.4579448508731382,0,0.25946191824805437,1,0.500167087851585,0,0.4367929557735131,0,0.26756714992552855,0,0.49670916300350265,0,0.4002047702277848,0,0.2674057608794538
2026-08-14,17836,1,test,1,0,0,-0.00019151957702464762,1,0.5430437943345167,1,0.611356337382965,1,0.5143111897485593,1,0.5358375512396171,1,0.5075563617033183,0,0.49641466202565415,1,0.558263891601579,1,0.5300245817928726
2026-08-18,17856,0,test,1,1,1,0.0005847909141999633,1,0.6301818510897542,1,0.5029452542172012,1,0.5080834548859252,1,0.5989854056062447,1,0.5544333599678305,1,0.5501776252480298,1,0.7107738041840189,0,0.49672329933783504
2026-08-19,17844,0,test,1,0,0,-6.254926079789038e-05,1,0.520990587937695,1,0.5551938006955248,0,0.4706417244355677,0,0.46310298520349963,1,0.7105568224065939,0,0.4899742794277499,1,0.5496559903031266,0,0.34931193833635465
2026-08-20,17779,0,test,1,0,0,-0.00019728007629947472,0,0.4923460631524903,1,0.5111395445898851,0,0.47591871693433613,0,0.43853408722973525,0,0.3080158793008226,0,0.47775375111260554,1,0.5608845487794722,0,0.49022718690934414
2026-08-21,17705,0,test,1,0,1,9.479111565087666e-05,1,0.5564530070653665,0,0.3898814747293967,1,0.5355659491673834,1,0.5817706474794014,1,0.6806497005866405,1,0.5206103735052793,1,0.6217580451890606,1,0.5379259173718375
2026-08-24,17703,1,test,1,0,1,0.0006299799169383617,1,0.613852511009499,1,0.6996409685085238,1,0.5022813231545252,1,0.5753482938264937,1,0.7136702200631037,1,0.5593519468614397,1,0.6336385583934934,1,0.6791718547242054
2026-08-26,17717,1,test,1,1,1,0.000254328996450839,1,0.5447238871575709,0,0.4786165789700991,1,0.506912115715789,1,0.5191754070425524,0,0.3475267860666151,1,0.5314265697143723,0,0.49826434498490074,1,0.5833787859317487
2026-08-27,17762,0,test,1,1,1,0.00035092189382035386,1,0.5184392211701284,1,0.5806951348514743,1,0.5124923327317116,1,0.5087835071713376,0,0.4335789545311839,0,0.49643416940466095,0,0.47585518992145165,0,0.4742751689776044
2026-08-28,17703,1,test,1,0,0,-0.000540111426192283,0,0.4911693937204399,0,0.48297460602865083,0,0.4701053290729426,0,0.4271078456260908,0,0.20311664200477147,0,0.4933277446330777,0,0.3694311336936732,0,0.34736236634106715
2026-08-31,17746,0,test,1,1,1,0.0008261424623888856,1,0.6028546696488991,0,0.4679306535237453,0,0.48933982944011617,1,0.5392344660926789,1,0.5196314765282661,1,0.5352703615618705,1,0.5865102464884129,1,0.5475591225435403
